{
  "yresolution": 960, 
  "D": [
    [
      -0.32890513407068056
    ], 
    [
      0.2159396990180609
    ], 
    [
      0.0029645761934150965
    ], 
    [
      0.002599542670562016
    ], 
    [
      -0.1134707226971591
    ]
  ], 
  "K": [
    [
      1045.3479654266523, 
      0.0, 
      645.0408552616645
    ], 
    [
      0.0, 
      1057.794600140546, 
      471.2852485332886
    ], 
    [
      0.0, 
      0.0, 
      1.0
    ]
  ], 
  "lens": 4.0, 
  "version": 0, 
  "sensorwidth": 5.0, 
  "xresolution": 1280
}
