{
  "yresolution": 2464, 
  "D": [
    [
      0.169265116367196, 
      -0.2542927293382999, 
      -0.00376779279634671, 
      0.0028627661264100223, 
      -0.47036977591158924
    ]
  ], 
  "K": [
    [
      2619.531502594297, 
      0.0, 
      1626.6592353089773
    ], 
    [
      0.0, 
      2619.0101070738315, 
      1234.1532801497171
    ], 
    [
      0.0, 
      0.0, 
      1.0
    ]
  ], 
  "lens": 3.0, 
  "version": 0, 
  "sensorwidth": 3.68, 
  "xresolution": 3280
}
