{
  "yresolution": 1232, 
  "D": [
    [
      0.16641467032409257, 
      -0.2234393189584932, 
      -0.0037763249278537124, 
      0.0024124935430655313, 
      -0.6079587461332615
    ]
  ], 
  "K": [
    [
      1329.4945879587194, 
      0.0, 
      809.9528740604338
    ], 
    [
      0.0, 
      1329.336471299515, 
      618.5527699408506
    ], 
    [
      0.0, 
      0.0, 
      1.0
    ]
  ], 
  "lens": 3.0, 
  "version": 0, 
  "sensorwidth": 3.68, 
  "xresolution": 1640
}
